{
  "properties": {
    "connectionReferences": {
      "shared_onedriveforbusiness": {
        "api": {
          "name": "shared_onedriveforbusiness"
        },
        "connection": {
          "connectionReferenceLogicalName": "new_sharedonedriveforbusiness_9c0d3"
        },
        "runtimeSource": "invoker"
      },
      "shared_approvals-2": {
        "api": {
          "name": "shared_approvals"
        },
        "connection": {
          "connectionReferenceLogicalName": "new_sharedapprovals_41b06"
        },
        "runtimeSource": "invoker"
      },
      "shared_office365": {
        "api": {
          "name": "shared_office365"
        },
        "connection": {
          "connectionReferenceLogicalName": "new_sharedoffice365_fdc1d"
        },
        "runtimeSource": "invoker"
      },
      "shared_excelonlinebusiness": {
        "api": {
          "name": "shared_excelonlinebusiness"
        },
        "connection": {
          "connectionReferenceLogicalName": "new_sharedexcelonlinebusiness_4550c"
        },
        "runtimeSource": "invoker"
      }
    },
    "definition": {
      "$schema": "https://schema.management.azure.com/providers/Microsoft.Logic/schemas/2016-06-01/workflowdefinition.json#",
      "contentVersion": "1.0.0.0",
      "parameters": {
        "$authentication": {
          "defaultValue": {},
          "type": "SecureObject"
        },
        "$connections": {
          "defaultValue": {},
          "type": "Object"
        }
      },
      "triggers": {
        "manual": {
          "type": "Request",
          "kind": "Button",
          "inputs": {
            "schema": {
              "type": "object",
              "properties": {
                "text": {
                  "description": "catalizador",
                  "title": "Entrada",
                  "type": "string",
                  "x-ms-content-hint": "TEXT",
                  "x-ms-dynamically-added": true
                }
              },
              "required": [
                "text"
              ]
            }
          }
        }
      },
      "actions": {
        "List_files_in_folder": {
          "type": "OpenApiConnection",
          "inputs": {
            "parameters": {
              "id": "b!MTFRQoRgLkijj0mgI4X7QhIQhC6WCg5NpD70s8X7Oyyuq_3W7GgFQZqwo-sThsbi.01TWH2E6JPFWKYZGMFUNAIUIV2ZJIUDMBT"
            },
            "host": {
              "apiId": "/providers/Microsoft.PowerApps/apis/shared_onedriveforbusiness",
              "operationId": "ListFolderV2",
              "connectionName": "shared_onedriveforbusiness"
            }
          },
          "runAfter": {},
          "metadata": {
            "b!-qiVYlQQykmRH3TitsUFhRIQhC6WCg5NpD70s8X7Oyyuq_3W7GgFQZqwo-sThsbi.01Q36CDNBLQPDHI2MF6JG2TLWNVFQ3TN5Y": "/Cripto_Casa_Monarca/Documentos_Pendientes",
            "6e202211-2856-4d17-9ded-5beb8b8626b0": "/",
            "b!MTFRQoRgLkijj0mgI4X7QhIQhC6WCg5NpD70s8X7Oyyuq_3W7GgFQZqwo-sThsbi.01TWH2E6JPFWKYZGMFUNAIUIV2ZJIUDMBT": "/Cripto_Casa_Monarca/Documentos_Pendientes"
          }
        },
        "For_each": {
          "type": "Foreach",
          "foreach": "@outputs('List_files_in_folder')?['body/value']",
          "actions": {
            "Get_file_metadata_using_path": {
              "type": "OpenApiConnection",
              "inputs": {
                "parameters": {
                  "path": "@items('For_each')?['Path']"
                },
                "host": {
                  "apiId": "/providers/Microsoft.PowerApps/apis/shared_onedriveforbusiness",
                  "operationId": "GetFileMetadataByPath",
                  "connectionName": "shared_onedriveforbusiness"
                }
              }
            },
            "Crear_un_vínculo_para_compartir": {
              "type": "OpenApiConnection",
              "inputs": {
                "parameters": {
                  "id": "@outputs('Get_file_metadata_using_path')?['body/Id']",
                  "type": "Edit",
                  "scope": "Anonymous"
                },
                "host": {
                  "apiId": "/providers/Microsoft.PowerApps/apis/shared_onedriveforbusiness",
                  "operationId": "CreateShareLinkV2",
                  "connectionName": "shared_onedriveforbusiness"
                }
              },
              "runAfter": {
                "Get_file_metadata_using_path": [
                  "Succeeded"
                ]
              },
              "metadata": {
                "operationMetadataId": "df82c058-fcbb-4552-b745-f2d63f0b3546"
              }
            },
            "Iniciar_y_esperar_una_aprobación": {
              "type": "OpenApiConnectionWebhook",
              "inputs": {
                "parameters": {
                  "approvalType": "Basic",
                  "WebhookApprovalCreationInput/title": "Revisión de Documento - Casa Monarca",
                  "WebhookApprovalCreationInput/assignedTo": "A01571607@tec.mx",
                  "WebhookApprovalCreationInput/details": "Se ha cargado un nuevo documento en Documentos_Pendientes.\n\nPor favor, selecciona si deseas aprobar o rechazar este documento.\nNombre del archivo: @{outputs('Get_file_metadata_using_path')?['body/Name']}\n\n",
                  "WebhookApprovalCreationInput/itemLink": "@outputs('Crear_un_vínculo_para_compartir')?['body/WebUrl']",
                  "WebhookApprovalCreationInput/itemLinkDescription": "Haz clic aquí para ver el archivo en OneDrive\n",
                  "WebhookApprovalCreationInput/enableNotifications": true,
                  "WebhookApprovalCreationInput/enableReassignment": true
                },
                "host": {
                  "apiId": "/providers/Microsoft.PowerApps/apis/shared_approvals",
                  "operationId": "StartAndWaitForAnApproval",
                  "connectionName": "shared_approvals-2"
                }
              },
              "runAfter": {
                "Set_variable": [
                  "Succeeded"
                ]
              },
              "metadata": {
                "operationMetadataId": "b32ddc6b-24d5-400b-a5ea-0473770f092b"
              }
            },
            "Condición": {
              "type": "If",
              "expression": {
                "and": [
                  {
                    "equals": [
                      "@outputs('Iniciar_y_esperar_una_aprobación')?['body/outcome']",
                      "Approve"
                    ]
                  }
                ]
              },
              "actions": {
                "Mover_un_archivo_o_cambiar_su_nombre": {
                  "type": "OpenApiConnection",
                  "inputs": {
                    "parameters": {
                      "id": "@outputs('Get_file_metadata_using_path')?['body/Id']",
                      "destination": "/Cripto_Casa_Monarca/Documentos_Aprobados/@{outputs('Get_file_metadata_using_path')?['body/Name']}",
                      "overwrite": false
                    },
                    "host": {
                      "apiId": "/providers/Microsoft.PowerApps/apis/shared_onedriveforbusiness",
                      "operationId": "MoveFile",
                      "connectionName": "shared_onedriveforbusiness"
                    }
                  },
                  "runAfter": {
                    "Retraso_1": [
                      "Succeeded"
                    ]
                  },
                  "metadata": {
                    "operationMetadataId": "324645d0-29bb-4153-8c99-e5e9ac4a17e9"
                  }
                },
                "Enviar_correo_electrónico_(V2)_1": {
                  "type": "OpenApiConnection",
                  "inputs": {
                    "parameters": {
                      "emailMessage/To": "A01571607@tec.mx",
                      "emailMessage/Subject": "Documento listo para firma – Casa Monarca",
                      "emailMessage/Body": "<p class=\"editor-paragraph\">Hola,<br><br>El siguiente documento ha sido aprobado por el administrador y está listo para tu firma.<br><br>📄 Nombre: @{items('For_each')?['Name']}<br><br>🔗 Puedes abrirlo directamente aquí: @{variables('linkArchivo')}<br><br>Descarga del zip para firmar el documento: @{outputs('Crear_un_vínculo_para_compartir_1')?['body/WebUrl']}<br><br>Agradecemos tu atención,<br>Sistema automático de Casa Monarca</p>",
                      "emailMessage/Importance": "Normal"
                    },
                    "host": {
                      "apiId": "/providers/Microsoft.PowerApps/apis/shared_office365",
                      "operationId": "SendEmailV2",
                      "connectionName": "shared_office365"
                    }
                  },
                  "runAfter": {
                    "Update_a_row": [
                      "Succeeded"
                    ]
                  },
                  "metadata": {
                    "operationMetadataId": "7c1d990f-a960-4845-bee4-5f475d6d9167"
                  }
                },
                "Crear_vinculo_firma_director": {
                  "type": "OpenApiConnection",
                  "inputs": {
                    "parameters": {
                      "id": "@outputs('Obtener_metadatos_del_archivo')?['body/Id']",
                      "type": "Edit",
                      "scope": "Anonymous"
                    },
                    "host": {
                      "apiId": "/providers/Microsoft.PowerApps/apis/shared_onedriveforbusiness",
                      "operationId": "CreateShareLinkV2",
                      "connectionName": "shared_onedriveforbusiness"
                    }
                  },
                  "runAfter": {
                    "Crear_un_vínculo_para_compartir_1": [
                      "Succeeded"
                    ]
                  },
                  "metadata": {
                    "operationMetadataId": "363b1b66-8bf8-4c4c-bfc6-d0a8079af5b1"
                  }
                },
                "Retraso_1": {
                  "type": "Wait",
                  "inputs": {
                    "interval": {
                      "count": 10,
                      "unit": "Second"
                    }
                  },
                  "metadata": {
                    "operationMetadataId": "cd363708-9b4d-4e68-894c-207a39b49383"
                  }
                },
                "Obtener_contenido_de_archivo": {
                  "type": "OpenApiConnection",
                  "inputs": {
                    "parameters": {
                      "id": "b!MTFRQoRgLkijj0mgI4X7QhIQhC6WCg5NpD70s8X7Oyyuq_3W7GgFQZqwo-sThsbi.01TWH2E6L3QLTUYHN5XFGYJQY5EWM4DGYU",
                      "inferContentType": true
                    },
                    "host": {
                      "apiId": "/providers/Microsoft.PowerApps/apis/shared_onedriveforbusiness",
                      "operationId": "GetFileContent",
                      "connectionName": "shared_onedriveforbusiness"
                    }
                  },
                  "runAfter": {
                    "Mover_un_archivo_o_cambiar_su_nombre": [
                      "Succeeded"
                    ]
                  },
                  "metadata": {
                    "b!-qiVYlQQykmRH3TitsUFhRIQhC6WCg5NpD70s8X7Oyyuq_3W7GgFQZqwo-sThsbi.01Q36CDNGUOX43RMY775CJA4I7ZDDU46YJ": "/Cripto_Casa_Monarca/FirmaDigitalApp.zip",
                    "operationMetadataId": "a531269c-935b-4c1f-98f8-9c2ba751d6f4",
                    "b!MTFRQoRgLkijj0mgI4X7QhIQhC6WCg5NpD70s8X7Oyyuq_3W7GgFQZqwo-sThsbi.01TWH2E6L3QLTUYHN5XFGYJQY5EWM4DGYU": "/Cripto_Casa_Monarca/FirmaDigitalApp.zip"
                  }
                },
                "Obtener_metadatos_del_archivo": {
                  "type": "OpenApiConnection",
                  "inputs": {
                    "parameters": {
                      "id": "b!MTFRQoRgLkijj0mgI4X7QhIQhC6WCg5NpD70s8X7Oyyuq_3W7GgFQZqwo-sThsbi.01TWH2E6L3QLTUYHN5XFGYJQY5EWM4DGYU"
                    },
                    "host": {
                      "apiId": "/providers/Microsoft.PowerApps/apis/shared_onedriveforbusiness",
                      "operationId": "GetFileMetadata",
                      "connectionName": "shared_onedriveforbusiness"
                    }
                  },
                  "runAfter": {
                    "Obtener_contenido_de_archivo": [
                      "Succeeded"
                    ]
                  },
                  "metadata": {
                    "b!-qiVYlQQykmRH3TitsUFhRIQhC6WCg5NpD70s8X7Oyyuq_3W7GgFQZqwo-sThsbi.01Q36CDNGUOX43RMY775CJA4I7ZDDU46YJ": "/Cripto_Casa_Monarca/FirmaDigitalApp.zip",
                    "operationMetadataId": "eef90f1a-e75c-4bc7-816e-214fcdd9549b",
                    "b!MTFRQoRgLkijj0mgI4X7QhIQhC6WCg5NpD70s8X7Oyyuq_3W7GgFQZqwo-sThsbi.01TWH2E6L3QLTUYHN5XFGYJQY5EWM4DGYU": "/Cripto_Casa_Monarca/FirmaDigitalApp.zip"
                  }
                },
                "Crear_un_vínculo_para_compartir_1": {
                  "type": "OpenApiConnection",
                  "inputs": {
                    "parameters": {
                      "id": "@outputs('Obtener_metadatos_del_archivo')?['body/Id']",
                      "type": "View",
                      "scope": "Anonymous"
                    },
                    "host": {
                      "apiId": "/providers/Microsoft.PowerApps/apis/shared_onedriveforbusiness",
                      "operationId": "CreateShareLinkV2",
                      "connectionName": "shared_onedriveforbusiness"
                    }
                  },
                  "runAfter": {
                    "Obtener_metadatos_del_archivo": [
                      "Succeeded"
                    ]
                  },
                  "metadata": {
                    "operationMetadataId": "b84dff56-1b29-4e08-a521-8c59b3cc95e9"
                  }
                },
                "Iniciar_y_esperar_una_aprobación_1": {
                  "type": "OpenApiConnectionWebhook",
                  "inputs": {
                    "parameters": {
                      "approvalType": "Basic",
                      "WebhookApprovalCreationInput/title": "Revisión de documento para firma",
                      "WebhookApprovalCreationInput/assignedTo": "A01571607@tec.mx",
                      "WebhookApprovalCreationInput/details": "Hola,\n\n📄 Nombre: @{base64ToString(triggerOutputs()?['headers/x-ms-file-name-encoded'])}\n🔗 Puedes abrirlo directamente aquí: @{variables('linkArchivo')}\nDescarga del zip para firmar el documento: @{outputs('Crear_un_vínculo_para_compartir_1')?['body/WebUrl']}\n\nPuedes rechazar el documento si no estás de acuerdo.\n\nGracias,\nSistema automático de Casa Monarca",
                      "WebhookApprovalCreationInput/itemLink": "@outputs('Crear_un_vínculo_para_compartir')?['body/WebUrl']",
                      "WebhookApprovalCreationInput/enableNotifications": true,
                      "WebhookApprovalCreationInput/enableReassignment": true
                    },
                    "host": {
                      "apiId": "/providers/Microsoft.PowerApps/apis/shared_approvals",
                      "operationId": "StartAndWaitForAnApproval",
                      "connectionName": "shared_approvals-2"
                    }
                  },
                  "runAfter": {
                    "Enviar_correo_electrónico_(V2)_1": [
                      "Succeeded"
                    ]
                  },
                  "metadata": {
                    "operationMetadataId": "712583fd-a84d-46bf-926f-21f6add7e446"
                  }
                },
                "Condición_1": {
                  "type": "If",
                  "expression": {
                    "and": [
                      {
                        "equals": [
                          "@outputs('Iniciar_y_esperar_una_aprobación_1')?['body/outcome']",
                          "Rechazado"
                        ]
                      }
                    ]
                  },
                  "actions": {},
                  "else": {
                    "actions": {
                      "Mover_un_archivo_o_cambiar_su_nombre_2": {
                        "type": "OpenApiConnection",
                        "inputs": {
                          "parameters": {
                            "id": "@outputs('Obtener_metadatos_del_archivo')?['body/Id']",
                            "destination": "/Cripto_Casa_Monarca/Documentos_Rechazados/@{outputs('Obtener_metadatos_del_archivo')?['body/Name']}",
                            "overwrite": false
                          },
                          "host": {
                            "apiId": "/providers/Microsoft.PowerApps/apis/shared_onedriveforbusiness",
                            "operationId": "MoveFile",
                            "connectionName": "shared_onedriveforbusiness"
                          }
                        },
                        "metadata": {
                          "operationMetadataId": "269d18e3-3f5b-4524-a1a4-aa7fa5780c8f"
                        }
                      },
                      "Enviar_correo_electrónico_(V2)_2": {
                        "type": "OpenApiConnection",
                        "inputs": {
                          "parameters": {
                            "emailMessage/To": "A01571607@tec.mx",
                            "emailMessage/Subject": "Documento Rechazado - Casa Monarca",
                            "emailMessage/Body": "<p class=\"editor-paragraph\">Estimado(a) solicitante,<br><br>El documento que enviaste ha sido revisado, pero no fue aprobado.<br><br>Te invitamos a realizar los ajustes necesarios y volver a enviarlo para su evaluación.<br><br>Gracias por tu comprensión.<br><br>Atentamente,<br>Equipo Casa Monarca</p><br>",
                            "emailMessage/Importance": "Normal"
                          },
                          "host": {
                            "apiId": "/providers/Microsoft.PowerApps/apis/shared_office365",
                            "operationId": "SendEmailV2",
                            "connectionName": "shared_office365"
                          }
                        },
                        "runAfter": {
                          "Mover_un_archivo_o_cambiar_su_nombre_2": [
                            "Succeeded"
                          ]
                        },
                        "metadata": {
                          "operationMetadataId": "3c31ac45-6145-4fc0-a34d-26d27fe02a68"
                        }
                      }
                    }
                  },
                  "runAfter": {
                    "Iniciar_y_esperar_una_aprobación_1": [
                      "Succeeded"
                    ]
                  },
                  "metadata": {
                    "operationMetadataId": "6e225022-a408-494d-a7af-c93bd716b883"
                  }
                },
                "Obtener_una_fila": {
                  "type": "OpenApiConnection",
                  "inputs": {
                    "parameters": {
                      "source": "me",
                      "drive": "b!MTFRQoRgLkijj0mgI4X7QhIQhC6WCg5NpD70s8X7Oyyuq_3W7GgFQZqwo-sThsbi",
                      "file": "01TWH2E6J6KAIPEVEIMNG2TBYZBLU3UXR4",
                      "table": "{00000000-000C-0000-FFFF-FFFF00000000}",
                      "idColumn": "Column1",
                      "id": "@outputs('Get_file_metadata_using_path')?['body/Name']"
                    },
                    "host": {
                      "apiId": "/providers/Microsoft.PowerApps/apis/shared_excelonlinebusiness",
                      "operationId": "GetItem",
                      "connectionName": "shared_excelonlinebusiness"
                    }
                  },
                  "runAfter": {
                    "Crear_vinculo_firma_director": [
                      "Succeeded"
                    ]
                  },
                  "metadata": {
                    "01Q36CDNHGC6DE5DS22JD2RI47EPGODWLE": "/Cripto_Casa_Monarca/Envío de Documento para Revisión - Casa Monarca.xlsx",
                    "tableId": "{00000000-000C-0000-FFFF-FFFF00000000}",
                    "01TWH2E6OI2M6TWZWGMJDZ64NQW6IWZFYX": "/Cripto_Casa_Monarca/Envío de Documento para Revisión - Casa Monarca.xlsx",
                    "01TWH2E6J6KAIPEVEIMNG2TBYZBLU3UXR4": "/Cripto_Casa_Monarca/Prueba.xlsx"
                  }
                },
                "Update_a_row": {
                  "type": "OpenApiConnection",
                  "inputs": {
                    "parameters": {
                      "source": "me",
                      "drive": "b!MTFRQoRgLkijj0mgI4X7QhIQhC6WCg5NpD70s8X7Oyyuq_3W7GgFQZqwo-sThsbi",
                      "file": "01TWH2E6J6KAIPEVEIMNG2TBYZBLU3UXR4",
                      "table": "{00000000-000C-0000-FFFF-FFFF00000000}",
                      "idColumn": "Column1",
                      "id": "@outputs('Obtener_una_fila')?['body/Column1']",
                      "item/Estado firma": "Pendiente firma director"
                    },
                    "host": {
                      "apiId": "/providers/Microsoft.PowerApps/apis/shared_excelonlinebusiness",
                      "operationId": "PatchItem",
                      "connectionName": "shared_excelonlinebusiness"
                    }
                  },
                  "runAfter": {
                    "Obtener_una_fila": [
                      "Succeeded"
                    ]
                  },
                  "metadata": {
                    "01TWH2E6OI2M6TWZWGMJDZ64NQW6IWZFYX": "/Cripto_Casa_Monarca/Envío de Documento para Revisión - Casa Monarca.xlsx",
                    "tableId": "{00000000-000C-0000-FFFF-FFFF00000000}",
                    "01TWH2E6J6KAIPEVEIMNG2TBYZBLU3UXR4": "/Cripto_Casa_Monarca/Prueba.xlsx"
                  }
                }
              },
              "else": {
                "actions": {
                  "Mover_un_archivo_o_cambiar_su_nombre_1": {
                    "type": "OpenApiConnection",
                    "inputs": {
                      "parameters": {
                        "id": "@outputs('Get_file_metadata_using_path')?['body/Id']",
                        "destination": "/Cripto_Casa_Monarca/Documentos_Rechazados/@{outputs('Get_file_metadata_using_path')?['body/Name']}",
                        "overwrite": false
                      },
                      "host": {
                        "apiId": "/providers/Microsoft.PowerApps/apis/shared_onedriveforbusiness",
                        "operationId": "MoveFile",
                        "connectionName": "shared_onedriveforbusiness"
                      }
                    },
                    "runAfter": {
                      "Retraso": [
                        "Succeeded"
                      ]
                    },
                    "metadata": {
                      "operationMetadataId": "3f395a9c-4124-4515-a79d-586156d85ea8"
                    }
                  },
                  "Enviar_correo_electrónico_(V2)": {
                    "type": "OpenApiConnection",
                    "inputs": {
                      "parameters": {
                        "emailMessage/To": "A01571607@tec.mx",
                        "emailMessage/Subject": "Documento Rechazado - Casa Monarca",
                        "emailMessage/Body": "<p class=\"editor-paragraph\">Estimado(a) solicitante,<br><br>El documento que enviaste ha sido revisado, pero no fue aprobado.<br><br>Te invitamos a realizar los ajustes necesarios y volver a enviarlo para su evaluación.<br><br>Gracias por tu comprensión.<br><br>Atentamente,  <br>Equipo Casa Monarca</p><br>",
                        "emailMessage/Importance": "Normal"
                      },
                      "host": {
                        "apiId": "/providers/Microsoft.PowerApps/apis/shared_office365",
                        "operationId": "SendEmailV2",
                        "connectionName": "shared_office365"
                      }
                    },
                    "runAfter": {
                      "Mover_un_archivo_o_cambiar_su_nombre_1": [
                        "Succeeded"
                      ]
                    },
                    "metadata": {
                      "operationMetadataId": "d0f40558-ea9d-4a8a-a222-5e44471b386b"
                    }
                  },
                  "Retraso": {
                    "type": "Wait",
                    "inputs": {
                      "interval": {
                        "count": 10,
                        "unit": "Second"
                      }
                    },
                    "metadata": {
                      "operationMetadataId": "cb9c6924-19bb-4858-81bd-610dc0e567e7"
                    }
                  }
                }
              },
              "runAfter": {
                "Iniciar_y_esperar_una_aprobación": [
                  "Succeeded"
                ]
              },
              "metadata": {
                "operationMetadataId": "a99e1c36-6e32-48f8-990a-5687b7fe88f7"
              }
            },
            "Set_variable": {
              "type": "SetVariable",
              "inputs": {
                "name": "linkArchivo",
                "value": "@outputs('Crear_un_vínculo_para_compartir')?['body/WebUrl']"
              },
              "runAfter": {
                "Crear_un_vínculo_para_compartir": [
                  "Succeeded"
                ]
              }
            }
          },
          "runAfter": {
            "Initialize_variable": [
              "Succeeded"
            ]
          }
        },
        "Respond_to_a_Power_App_or_flow": {
          "type": "Response",
          "kind": "PowerApp",
          "inputs": {
            "schema": {
              "type": "object",
              "properties": {
                "finalizador": {
                  "title": "Finalizador",
                  "type": "number",
                  "x-ms-content-hint": "NUMBER",
                  "x-ms-dynamically-added": true
                }
              },
              "additionalProperties": {}
            },
            "statusCode": 200,
            "body": {
              "finalizador": 10
            }
          },
          "runAfter": {
            "For_each": [
              "Succeeded"
            ]
          }
        },
        "Initialize_variable": {
          "type": "InitializeVariable",
          "inputs": {
            "variables": [
              {
                "name": "linkArchivo",
                "type": "string"
              }
            ]
          },
          "runAfter": {
            "List_files_in_folder": [
              "Succeeded"
            ]
          }
        }
      },
      "outputs": {}
    },
    "templateName": null
  },
  "schemaVersion": "1.0.0.0"
}