{
  "properties": {
    "connectionReferences": {
      "shared_microsoftforms": {
        "api": {
          "name": "shared_microsoftforms"
        },
        "connection": {
          "connectionReferenceLogicalName": "new_sharedmicrosoftforms_24401"
        },
        "runtimeSource": "embedded"
      },
      "shared_onedriveforbusiness": {
        "api": {
          "name": "shared_onedriveforbusiness"
        },
        "connection": {
          "connectionReferenceLogicalName": "new_sharedonedriveforbusiness_9c0d3"
        },
        "runtimeSource": "embedded"
      },
      "shared_excelonlinebusiness": {
        "api": {
          "name": "shared_excelonlinebusiness"
        },
        "connection": {
          "connectionReferenceLogicalName": "new_sharedexcelonlinebusiness_4550c"
        },
        "runtimeSource": "embedded"
      }
    },
    "definition": {
      "$schema": "https://schema.management.azure.com/providers/Microsoft.Logic/schemas/2016-06-01/workflowdefinition.json#",
      "contentVersion": "1.0.0.0",
      "parameters": {
        "$authentication": {
          "defaultValue": {},
          "type": "SecureObject"
        },
        "$connections": {
          "defaultValue": {},
          "type": "Object"
        }
      },
      "triggers": {
        "When_a_new_response_is_submitted": {
          "type": "OpenApiConnectionWebhook",
          "inputs": {
            "parameters": {
              "form_id": "pj5axnwPC0CJNFptwXBWReH2fnHZhK9Fj4I1joxpMxxUQ1BRNVowUzJPQjg2RFEzSkpVOUdEREpBSi4u"
            },
            "host": {
              "apiId": "/providers/Microsoft.PowerApps/apis/shared_microsoftforms",
              "operationId": "CreateFormWebhook",
              "connectionName": "shared_microsoftforms"
            }
          },
          "splitOn": "@triggerOutputs()?['body/value']",
          "metadata": {
            "operationMetadataId": "aa9893e1-fb2e-4ea3-a057-457db33d84f6"
          }
        }
      },
      "actions": {
        "Get_response_details": {
          "type": "OpenApiConnection",
          "inputs": {
            "parameters": {
              "form_id": "pj5axnwPC0CJNFptwXBWReH2fnHZhK9Fj4I1joxpMxxUQ1BRNVowUzJPQjg2RFEzSkpVOUdEREpBSi4u",
              "response_id": "@triggerOutputs()?['body/resourceData/responseId']"
            },
            "host": {
              "apiId": "/providers/Microsoft.PowerApps/apis/shared_microsoftforms",
              "operationId": "GetFormResponseById",
              "connectionName": "shared_microsoftforms"
            }
          },
          "runAfter": {},
          "metadata": {
            "operationMetadataId": "a9835b46-503b-4228-b7cf-dba60e2acd01"
          }
        },
        "Compose": {
          "type": "Compose",
          "inputs": "@outputs('Get_response_details')?['body/r1e289be9f8f74877b9915d39bd090264']",
          "runAfter": {
            "Get_response_details": [
              "Succeeded"
            ]
          },
          "metadata": {
            "operationMetadataId": "d53157b5-6fbc-405c-a1da-1cc8af14ff9c"
          }
        },
        "Parse_JSON": {
          "type": "ParseJson",
          "inputs": {
            "content": "@outputs('Get_response_details')?['body/r1e289be9f8f74877b9915d39bd090264']",
            "schema": {
              "type": "array",
              "items": {
                "type": "object",
                "properties": {
                  "name": {
                    "type": "string"
                  },
                  "link": {
                    "type": "string"
                  },
                  "status": {
                    "type": "integer"
                  },
                  "uploadSessionUrl": {
                    "type": [
                      "string",
                      "null"
                    ]
                  }
                }
              }
            }
          },
          "runAfter": {
            "Compose": [
              "Succeeded"
            ]
          },
          "metadata": {
            "operationMetadataId": "a1a90c41-75d1-465e-83e8-d07a6c79777b"
          }
        },
        "Initialize_variable": {
          "type": "InitializeVariable",
          "inputs": {
            "variables": [
              {
                "name": "NombreArchivoReal",
                "type": "string",
                "value": "\n"
              }
            ]
          },
          "runAfter": {
            "Parse_JSON": [
              "Succeeded"
            ]
          },
          "metadata": {
            "operationMetadataId": "7fd328de-ce7b-42c3-99fc-b0a084ac1dee"
          }
        },
        "Run_a_Child_Flow": {
          "type": "Workflow",
          "inputs": {
            "host": {
              "workflowReferenceName": "eae84e0e-1a44-f011-8779-000d3a5c4559"
            },
            "body": {
              "text": "catalizador"
            }
          },
          "runAfter": {
            "For_each": [
              "Succeeded"
            ]
          }
        },
        "For_each": {
          "type": "Foreach",
          "foreach": "@outputs('Parse_JSON')['body']",
          "actions": {
            "Set_variable_1": {
              "type": "SetVariable",
              "inputs": {
                "name": "NombreArchivoReal",
                "value": "@items('For_each')?['name']"
              }
            },
            "Get_file_content_using_path_1": {
              "type": "OpenApiConnection",
              "inputs": {
                "parameters": {
                  "path": "/Apps/Microsoft Forms/Formulario sin título/Pregunta/@{items('For_each')?['name']}",
                  "inferContentType": true
                },
                "host": {
                  "apiId": "/providers/Microsoft.PowerApps/apis/shared_onedriveforbusiness",
                  "operationId": "GetFileContentByPath",
                  "connectionName": "shared_onedriveforbusiness"
                }
              },
              "runAfter": {
                "Set_variable_1": [
                  "Succeeded"
                ]
              }
            },
            "Create_file_1": {
              "type": "OpenApiConnection",
              "inputs": {
                "parameters": {
                  "folderPath": "/Cripto_Casa_Monarca/Documentos_Pendientes",
                  "name": "@items('For_each')?['name']",
                  "body": "@body('Get_file_content_using_path_1')"
                },
                "host": {
                  "apiId": "/providers/Microsoft.PowerApps/apis/shared_onedriveforbusiness",
                  "operationId": "CreateFile",
                  "connectionName": "shared_onedriveforbusiness"
                }
              },
              "runAfter": {
                "Delay": [
                  "Succeeded"
                ]
              },
              "runtimeConfiguration": {
                "contentTransfer": {
                  "transferMode": "Chunked"
                }
              }
            },
            "Create_share_link_1": {
              "type": "OpenApiConnection",
              "inputs": {
                "parameters": {
                  "id": "@outputs('Create_file_1')?['body/Id']",
                  "type": "Edit",
                  "scope": "Anonymous"
                },
                "host": {
                  "apiId": "/providers/Microsoft.PowerApps/apis/shared_onedriveforbusiness",
                  "operationId": "CreateShareLinkV2",
                  "connectionName": "shared_onedriveforbusiness"
                }
              },
              "runAfter": {
                "Create_file_1": [
                  "Succeeded"
                ]
              }
            },
            "Add_a_row_into_a_table_1": {
              "type": "OpenApiConnection",
              "inputs": {
                "parameters": {
                  "source": "me",
                  "drive": "b!MTFRQoRgLkijj0mgI4X7QhIQhC6WCg5NpD70s8X7Oyyuq_3W7GgFQZqwo-sThsbi",
                  "file": "01TWH2E6J6KAIPEVEIMNG2TBYZBLU3UXR4",
                  "table": "{00000000-000C-0000-FFFF-FFFF00000000}",
                  "item/Id": "@utcNow()",
                  "item/Start time": "@outputs('Get_response_details')?['body/submitDate']",
                  "item/Email": "@outputs('Get_response_details')?['body/responder']",
                  "item/Column1": "@variables('NombreArchivoReal')",
                  "item/prueba1": "@outputs('Create_share_link_1')?['body/WebUrl']"
                },
                "host": {
                  "apiId": "/providers/Microsoft.PowerApps/apis/shared_excelonlinebusiness",
                  "operationId": "AddRowV2",
                  "connectionName": "shared_excelonlinebusiness"
                }
              },
              "runAfter": {
                "Create_share_link_1": [
                  "Succeeded"
                ]
              },
              "metadata": {
                "01TWH2E6OI2M6TWZWGMJDZ64NQW6IWZFYX": "/Cripto_Casa_Monarca/Envío de Documento para Revisión - Casa Monarca.xlsx",
                "tableId": "{00000000-000C-0000-FFFF-FFFF00000000}",
                "01TWH2E6J6KAIPEVEIMNG2TBYZBLU3UXR4": "/Cripto_Casa_Monarca/Prueba.xlsx"
              }
            },
            "Delay": {
              "type": "Wait",
              "inputs": {
                "interval": {
                  "count": 10,
                  "unit": "Second"
                }
              },
              "runAfter": {
                "Get_file_content_using_path_1": [
                  "Succeeded"
                ]
              }
            }
          },
          "runAfter": {
            "Initialize_variable": [
              "Succeeded"
            ]
          }
        }
      }
    },
    "templateName": null
  },
  "schemaVersion": "1.0.0.0"
}