{
  "properties": {
    "connectionReferences": {
      "shared_microsoftforms": {
        "runtimeSource": "embedded",
        "connection": {
          "connectionReferenceLogicalName": "new_sharedmicrosoftforms_24401"
        },
        "api": {
          "name": "shared_microsoftforms"
        }
      },
      "shared_onedriveforbusiness": {
        "runtimeSource": "embedded",
        "connection": {
          "connectionReferenceLogicalName": "new_sharedonedriveforbusiness_9c0d3"
        },
        "api": {
          "name": "shared_onedriveforbusiness"
        }
      },
      "shared_excelonlinebusiness": {
        "runtimeSource": "embedded",
        "connection": {
          "connectionReferenceLogicalName": "new_sharedexcelonlinebusiness_4550c"
        },
        "api": {
          "name": "shared_excelonlinebusiness"
        }
      }
    },
    "definition": {
      "$schema": "https://schema.management.azure.com/providers/Microsoft.Logic/schemas/2016-06-01/workflowdefinition.json#",
      "contentVersion": "1.0.0.0",
      "parameters": {
        "$connections": {
          "defaultValue": {},
          "type": "Object"
        },
        "$authentication": {
          "defaultValue": {},
          "type": "SecureObject"
        }
      },
      "triggers": {
        "When_a_new_response_is_submitted": {
          "splitOn": "@triggerOutputs()?['body/value']",
          "metadata": {
            "operationMetadataId": "5836db55-d01f-4f78-87d0-aab47b5d921a"
          },
          "type": "OpenApiConnectionWebhook",
          "inputs": {
            "host": {
              "connectionName": "shared_microsoftforms",
              "operationId": "CreateFormWebhook",
              "apiId": "/providers/Microsoft.PowerApps/apis/shared_microsoftforms"
            },
            "parameters": {
              "form_id": "pj5axnwPC0CJNFptwXBWReH2fnHZhK9Fj4I1joxpMxxUQ1BRNVowUzJPQjg2RFEzSkpVOUdEREpBSi4u"
            },
            "authentication": "@parameters('$authentication')"
          }
        }
      },
      "actions": {
        "Get_response_details": {
          "runAfter": {},
          "metadata": {
            "operationMetadataId": "dd97dab1-9487-4a1b-b93c-bdf228291aac"
          },
          "type": "OpenApiConnection",
          "inputs": {
            "host": {
              "connectionName": "shared_microsoftforms",
              "operationId": "GetFormResponseById",
              "apiId": "/providers/Microsoft.PowerApps/apis/shared_microsoftforms"
            },
            "parameters": {
              "form_id": "pj5axnwPC0CJNFptwXBWReH2fnHZhK9Fj4I1joxpMxxUQ1BRNVowUzJPQjg2RFEzSkpVOUdEREpBSi4u",
              "response_id": "@triggerOutputs()?['body/resourceData/responseId']"
            },
            "authentication": "@parameters('$authentication')"
          }
        },
        "Compose": {
          "runAfter": {
            "Get_response_details": [
              "Succeeded"
            ]
          },
          "metadata": {
            "operationMetadataId": "efdc78cd-c2d2-41f7-8b27-d7ca8b8889ca"
          },
          "type": "Compose",
          "inputs": "@outputs('Get_response_details')?['body/r1e289be9f8f74877b9915d39bd090264']"
        },
        "Parse_JSON": {
          "runAfter": {
            "Compose": [
              "Succeeded"
            ]
          },
          "metadata": {
            "operationMetadataId": "131fd0d5-a79f-4244-bec2-12c216bb7867"
          },
          "type": "ParseJson",
          "inputs": {
            "content": "@outputs('Get_response_details')?['body/r1e289be9f8f74877b9915d39bd090264']",
            "schema": {
              "type": "array",
              "items": {
                "type": "object",
                "properties": {
                  "name": {
                    "type": "string"
                  },
                  "link": {
                    "type": "string"
                  },
                  "status": {
                    "type": "integer"
                  },
                  "uploadSessionUrl": {
                    "type": [
                      "string",
                      "null"
                    ]
                  }
                }
              }
            }
          }
        },
        "Initialize_variable": {
          "runAfter": {
            "Parse_JSON": [
              "Succeeded"
            ]
          },
          "metadata": {
            "operationMetadataId": "76574a09-5e5c-4894-a233-ca828f6d5918"
          },
          "type": "InitializeVariable",
          "inputs": {
            "variables": [
              {
                "name": "NombreArchivoReal",
                "type": "string"
              }
            ]
          }
        },
        "Apply_to_each": {
          "foreach": "@body('Parse_JSON')",
          "actions": {
            "Set_variable": {
              "runAfter": {},
              "metadata": {
                "operationMetadataId": "28bc7d81-24da-4e7c-b720-815f503d162a"
              },
              "type": "SetVariable",
              "inputs": {
                "name": "NombreArchivoReal",
                "value": "@items('Apply_to_each')?['name']"
              }
            },
            "Get_file_content_using_path": {
              "runAfter": {
                "Set_variable": [
                  "Succeeded"
                ]
              },
              "metadata": {
                "operationMetadataId": "2c8fe9d9-4344-4386-be77-199cf8dbe9c2"
              },
              "type": "OpenApiConnection",
              "inputs": {
                "host": {
                  "connectionName": "shared_onedriveforbusiness",
                  "operationId": "GetFileContentByPath",
                  "apiId": "/providers/Microsoft.PowerApps/apis/shared_onedriveforbusiness"
                },
                "parameters": {
                  "path": "/Apps/Microsoft Forms/Formulario sin título/Pregunta/@{items('Apply_to_each')?['name']}",
                  "inferContentType": true
                },
                "authentication": "@parameters('$authentication')"
              }
            },
            "Create_file": {
              "runAfter": {
                "Get_file_content_using_path": [
                  "Succeeded"
                ]
              },
              "metadata": {
                "operationMetadataId": "3a0c564e-6426-404b-81d3-29e62c9adaf3"
              },
              "type": "OpenApiConnection",
              "inputs": {
                "host": {
                  "connectionName": "shared_onedriveforbusiness",
                  "operationId": "CreateFile",
                  "apiId": "/providers/Microsoft.PowerApps/apis/shared_onedriveforbusiness"
                },
                "parameters": {
                  "folderPath": "/Cripto_Casa_Monarca/Documentos_Pendientes",
                  "name": "@items('Apply_to_each')?['name']",
                  "body": "@body('Get_file_content_using_path')"
                },
                "authentication": "@parameters('$authentication')"
              },
              "runtimeConfiguration": {
                "contentTransfer": {
                  "transferMode": "Chunked"
                }
              }
            },
            "Create_share_link": {
              "runAfter": {
                "Create_file": [
                  "Succeeded"
                ]
              },
              "metadata": {
                "operationMetadataId": "a924432a-4b89-4187-9767-b6d781c99822"
              },
              "type": "OpenApiConnection",
              "inputs": {
                "host": {
                  "connectionName": "shared_onedriveforbusiness",
                  "operationId": "CreateShareLinkV2",
                  "apiId": "/providers/Microsoft.PowerApps/apis/shared_onedriveforbusiness"
                },
                "parameters": {
                  "id": "@outputs('Create_file')?['body/Id']",
                  "type": "Edit",
                  "scope": "Anonymous"
                },
                "authentication": "@parameters('$authentication')"
              }
            },
            "Add_a_row_into_a_table": {
              "runAfter": {
                "Create_share_link": [
                  "Succeeded"
                ]
              },
              "metadata": {
                "operationMetadataId": "933b3fb0-f570-4043-95f7-3fd8cceae8c0"
              },
              "type": "OpenApiConnection",
              "inputs": {
                "host": {
                  "connectionName": "shared_excelonlinebusiness",
                  "operationId": "AddRowV2",
                  "apiId": "/providers/Microsoft.PowerApps/apis/shared_excelonlinebusiness"
                },
                "parameters": {
                  "source": "me",
                  "drive": "b!MTFRQoRgLkijj0mgI4X7QhIQhC6WCg5NpD70s8X7Oyyuq_3W7GgFQZqwo-sThsbi",
                  "file": "/Cripto_Casa_Monarca/Envío de Documento para Revisión - Casa Monarca.xlsx",
                  "table": "{60F2CEA3-F252-4393-AB1D-B0A72F3F2563}"
                },
                "authentication": "@parameters('$authentication')"
              }
            }
          },
          "runAfter": {
            "Initialize_variable": [
              "Succeeded"
            ]
          },
          "metadata": {
            "operationMetadataId": "218b334f-4e3f-44f5-810d-d994234cc94a"
          },
          "type": "Foreach"
        },
        "Run_a_Child_Flow": {
          "runAfter": {
            "Apply_to_each": [
              "Succeeded"
            ]
          },
          "metadata": {
            "operationMetadataId": "ba7b19fa-3e57-46eb-a624-cb2fc05dafb9"
          },
          "type": "Workflow",
          "inputs": {
            "host": {
              "workflowReferenceName": "eae84e0e-1a44-f011-8779-000d3a5c4559"
            },
            "body": {
              "text": "catalizador"
            }
          }
        }
      }
    },
    "templateName": null
  },
  "schemaVersion": "1.0.0.0"
}