{"name":"c71926f0-499e-4303-a2e8-643c13c7d80c","id":"/providers/Microsoft.Flow/flows/c71926f0-499e-4303-a2e8-643c13c7d80c","type":"Microsoft.Flow/flows","properties":{"apiId":"/providers/Microsoft.PowerApps/apis/shared_logicflows","displayName":"PostFirma - Envío y Registro - Roy","definition":{"metadata":{"workflowEntityId":null,"processAdvisorMetadata":null,"flowChargedByPaygo":null,"flowclientsuspensionreason":"None","flowclientsuspensiontime":null,"flowclientsuspensionreasondetails":null,"creator":{"id":"717ef6e1-84d9-45af-8f82-358e8c69331c","type":"User","tenantId":"c65a3ea6-0f7c-400b-8934-5a6dc1705645"},"provisioningMethod":"FromDefinition","failureAlertSubscription":true,"clientLastModifiedTime":"2025-06-10T01:09:38.2495599Z","connectionKeySavedTimeKey":"2025-06-10T01:09:38.2495599Z","creationSource":null,"modifiedSources":"Portal"},"$schema":"https://schema.management.azure.com/providers/Microsoft.Logic/schemas/2016-06-01/workflowdefinition.json#","contentVersion":"1.0.0.0","parameters":{"$authentication":{"defaultValue":{},"type":"SecureObject"},"$connections":{"defaultValue":{},"type":"Object"}},"triggers":{"Cuando_se_crea_un_archivo":{"recurrence":{"frequency":"Minute","interval":5},"metadata":{"b!-qiVYlQQykmRH3TitsUFhRIQhC6WCg5NpD70s8X7Oyyuq_3W7GgFQZqwo-sThsbi.01Q36CDNBUNM72NU7IARFZPICRWNDHBEMY":"/Cripto_Casa_Monarca/Documentos_Firmados","b!MTFRQoRgLkijj0mgI4X7QhIQhC6WCg5NpD70s8X7Oyyuq_3W7GgFQZqwo-sThsbi.01TWH2E6IPHKAVPIPRUJCZNYJU5IMLLLGM":"/Cripto_Casa_Monarca/Documentos_Firmados"},"type":"OpenApiConnection","inputs":{"parameters":{"folderId":"b!MTFRQoRgLkijj0mgI4X7QhIQhC6WCg5NpD70s8X7Oyyuq_3W7GgFQZqwo-sThsbi.01TWH2E6IPHKAVPIPRUJCZNYJU5IMLLLGM"},"host":{"apiId":"/providers/Microsoft.PowerApps/apis/shared_onedriveforbusiness","connectionName":"shared_onedriveforbusiness","operationId":"OnNewFileV2"},"authentication":"@parameters('$authentication')"}}},"actions":{"Enviar_correo_electrónico_(V2)":{"runAfter":{"Actualizar_una_fila":["Succeeded"]},"type":"OpenApiConnection","inputs":{"parameters":{"emailMessage/To":"A01571607@tec.mx","emailMessage/Subject":"Documento firmado por el director – Casa Monarca","emailMessage/Body":"<p class=\"editor-paragraph\">Hola,<br><br>El siguiente documento ha sido firmado por el director y está listo para ser entregado al solicitante:<br><br>📄 Nombre del archivo: @{triggerOutputs()?['headers/x-ms-file-name-encoded']}<br>🔗 Enlace al documento: @{outputs('Crear_un_vínculo_para_compartir')?['body/WebUrl']}<br><br>Gracias por tu apoyo,<br>Sistema automático de Casa Monarca</p>","emailMessage/Importance":"Normal"},"host":{"apiId":"/providers/Microsoft.PowerApps/apis/shared_office365","connectionName":"shared_office365","operationId":"SendEmailV2"},"authentication":"@parameters('$authentication')"}},"Obtener_contenido_de_archivo":{"runAfter":{},"type":"OpenApiConnection","inputs":{"parameters":{"id":"@triggerOutputs()?['headers/x-ms-file-id']","inferContentType":true},"host":{"apiId":"/providers/Microsoft.PowerApps/apis/shared_onedriveforbusiness","connectionName":"shared_onedriveforbusiness","operationId":"GetFileContent"},"authentication":"@parameters('$authentication')"}},"Crear_un_vínculo_para_compartir":{"runAfter":{"Obtener_contenido_de_archivo":["Succeeded"]},"type":"OpenApiConnection","inputs":{"parameters":{"id":"@triggerOutputs()?['headers/x-ms-file-id']","type":"View","scope":"Anonymous"},"host":{"apiId":"/providers/Microsoft.PowerApps/apis/shared_onedriveforbusiness","connectionName":"shared_onedriveforbusiness","operationId":"CreateShareLinkV2"},"authentication":"@parameters('$authentication')"}},"Obtener_una_fila":{"runAfter":{"Enviar_correo_electrónico_(V2)":["Succeeded"]},"metadata":{"01Q36CDNHGC6DE5DS22JD2RI47EPGODWLE":"/Cripto_Casa_Monarca/Envío de Documento para Revisión - Casa Monarca.xlsx","tableId":"{00000000-000C-0000-FFFF-FFFF00000000}","01TWH2E6J6KAIPEVEIMNG2TBYZBLU3UXR4":"/Cripto_Casa_Monarca/Prueba.xlsx"},"type":"OpenApiConnection","inputs":{"parameters":{"source":"me","drive":"b!MTFRQoRgLkijj0mgI4X7QhIQhC6WCg5NpD70s8X7Oyyuq_3W7GgFQZqwo-sThsbi","file":"01TWH2E6J6KAIPEVEIMNG2TBYZBLU3UXR4","table":"{00000000-000C-0000-FFFF-FFFF00000000}","idColumn":"Column1","id":"@triggerOutputs()?['headers/x-ms-file-name-encoded']"},"host":{"apiId":"/providers/Microsoft.PowerApps/apis/shared_excelonlinebusiness","connectionName":"shared_excelonlinebusiness","operationId":"GetItem"},"authentication":"@parameters('$authentication')"}},"Enviar_correo_electrónico_(V2)_1":{"runAfter":{"Obtener_una_fila":["Succeeded"]},"type":"OpenApiConnection","inputs":{"parameters":{"emailMessage/To":"@outputs('Obtener_una_fila')?['body/Email']","emailMessage/Subject":"DOCUMENTO FIRMADO – Casa Monarca","emailMessage/Body":"<p class=\"editor-paragraph\">Hola,<br><br>Nos complace informarte que tu documento ha sido firmado exitosamente por el Director y ya se encuentra disponible para su consulta.<br><br>📄 Nombre del archivo: @{triggerOutputs()?['headers/x-ms-file-name-encoded']}<br>🔗 Accede aquí: @{outputs('Crear_un_vínculo_para_compartir')?['body/WebUrl']}<br><br>Gracias por tu confianza,<br>Sistema automático de Casa Monarca</p>","emailMessage/Importance":"Normal"},"host":{"apiId":"/providers/Microsoft.PowerApps/apis/shared_office365","connectionName":"shared_office365","operationId":"SendEmailV2"},"authentication":"@parameters('$authentication')"}},"Obtener_una_fila_1":{"runAfter":{"Crear_un_vínculo_para_compartir":["Succeeded"]},"metadata":{"01Q36CDNHGC6DE5DS22JD2RI47EPGODWLE":"/Cripto_Casa_Monarca/Envío de Documento para Revisión - Casa Monarca.xlsx","tableId":"{00000000-000C-0000-FFFF-FFFF00000000}","01TWH2E6J6KAIPEVEIMNG2TBYZBLU3UXR4":"/Cripto_Casa_Monarca/Prueba.xlsx"},"type":"OpenApiConnection","inputs":{"parameters":{"source":"me","drive":"b!MTFRQoRgLkijj0mgI4X7QhIQhC6WCg5NpD70s8X7Oyyuq_3W7GgFQZqwo-sThsbi","file":"01TWH2E6J6KAIPEVEIMNG2TBYZBLU3UXR4","table":"{00000000-000C-0000-FFFF-FFFF00000000}","idColumn":"Column1","id":"@triggerOutputs()?['headers/x-ms-file-name-encoded']"},"host":{"apiId":"/providers/Microsoft.PowerApps/apis/shared_excelonlinebusiness","connectionName":"shared_excelonlinebusiness","operationId":"GetItem"},"authentication":"@parameters('$authentication')"}},"Actualizar_una_fila":{"runAfter":{"Obtener_una_fila_1":["Succeeded"]},"metadata":{"01Q36CDNHGC6DE5DS22JD2RI47EPGODWLE":"/Cripto_Casa_Monarca/Envío de Documento para Revisión - Casa Monarca.xlsx","tableId":"{00000000-000C-0000-FFFF-FFFF00000000}","01TWH2E6J6KAIPEVEIMNG2TBYZBLU3UXR4":"/Cripto_Casa_Monarca/Prueba.xlsx"},"type":"OpenApiConnection","inputs":{"parameters":{"source":"me","drive":"b!MTFRQoRgLkijj0mgI4X7QhIQhC6WCg5NpD70s8X7Oyyuq_3W7GgFQZqwo-sThsbi","file":"01TWH2E6J6KAIPEVEIMNG2TBYZBLU3UXR4","table":"{00000000-000C-0000-FFFF-FFFF00000000}","idColumn":"Column1","id":"@outputs('Obtener_una_fila_1')?['body/Column1']","item/Estado firma":"Firmado por director"},"host":{"apiId":"/providers/Microsoft.PowerApps/apis/shared_excelonlinebusiness","connectionName":"shared_excelonlinebusiness","operationId":"PatchItem"},"authentication":"@parameters('$authentication')"}}},"outputs":{}},"connectionReferences":{"shared_onedriveforbusiness":{"connectionName":"6498f799639d4488bc64a60f361ce09c","source":"Embedded","id":"/providers/Microsoft.PowerApps/apis/shared_onedriveforbusiness","tier":"NotSpecified","apiName":"onedriveforbusiness","isProcessSimpleApiReferenceConversionAlreadyDone":false},"shared_office365":{"connectionName":"2f44b09bf06f437fadddf0528461a4ef","source":"Embedded","id":"/providers/Microsoft.PowerApps/apis/shared_office365","tier":"NotSpecified","apiName":"office365","isProcessSimpleApiReferenceConversionAlreadyDone":false},"shared_excelonlinebusiness":{"connectionName":"cc808e72fb904e5583361b26d3dcb71a","source":"Embedded","id":"/providers/Microsoft.PowerApps/apis/shared_excelonlinebusiness","tier":"NotSpecified","apiName":"excelonlinebusiness","isProcessSimpleApiReferenceConversionAlreadyDone":false}},"flowFailureAlertSubscribed":false,"isManaged":false}}